{"cameraMode":{"drawMode":0,"name":"Shaded","section":"Shading Mode"},"sceneLighting":true,"audioPlay":false,"sceneViewState":{"showFog":true,"showMaterialUpdate":false,"showSkybox":true,"showFlares":true,"showImageEffects":true,"showParticleSystems":true},"in2DMode":false,"pivot":{"x":-0.510769248008728,"y":-24.591310501098634,"z":12.297088623046875},"rotation":{"x":-0.03246428444981575,"y":0.5432689189910889,"z":0.021029675379395486,"w":0.8386672139167786},"size":4.772987365722656,"orthographic":false}