{"cameraMode":{"drawMode":0,"name":"Shaded","section":"Shading Mode"},"sceneLighting":false,"audioPlay":false,"sceneViewState":{"showFog":true,"showMaterialUpdate":false,"showSkybox":true,"showFlares":true,"showImageEffects":true,"showParticleSystems":true},"in2DMode":false,"pivot":{"x":0.20359313488006593,"y":-0.14689892530441285,"z":0.37521567940711977},"rotation":{"x":-0.030199691653251649,"y":-0.6718078255653381,"z":0.027431564405560495,"w":-0.7396010756492615},"size":0.7910646796226502,"orthographic":false}