{"cameraMode":{"drawMode":0,"name":"Shaded","section":"Shading Mode"},"sceneLighting":false,"audioPlay":false,"sceneViewState":{"showFog":true,"showMaterialUpdate":false,"showSkybox":true,"showFlares":true,"showImageEffects":true,"showParticleSystems":true},"in2DMode":false,"pivot":{"x":3.7908668518066408,"y":9.862147331237793,"z":-25.00095558166504},"rotation":{"x":-0.017480134963989259,"y":-0.7196938991546631,"z":-0.018131792545318605,"w":0.6938345432281494},"size":20.52544593811035,"orthographic":false}