{"cameraMode":{"drawMode":0,"name":"Shaded","section":"Shading Mode"},"sceneLighting":true,"audioPlay":false,"sceneViewState":{"showFog":true,"showMaterialUpdate":false,"showSkybox":true,"showFlares":true,"showImageEffects":true,"showParticleSystems":true},"in2DMode":false,"pivot":{"x":-1.8029465675354005,"y":-0.3444095253944397,"z":-1.5387287139892579},"rotation":{"x":-0.0023044380359351637,"y":0.997041642665863,"z":-0.03462633863091469,"w":-0.06858347356319428},"size":12.384903907775879,"orthographic":false}