{"cameraMode":{"drawMode":0,"name":"Shaded","section":"Shading Mode"},"sceneLighting":false,"audioPlay":false,"sceneViewState":{"showFog":true,"showMaterialUpdate":false,"showSkybox":true,"showFlares":true,"showImageEffects":true,"showParticleSystems":true},"in2DMode":false,"pivot":{"x":-0.011694993823766709,"y":-0.04345713555812836,"z":0.3780064582824707},"rotation":{"x":-0.006520313676446676,"y":-0.9898765087127686,"z":0.1332513839006424,"w":-0.04843716323375702},"size":16.014890670776368,"orthographic":false}