{"cameraMode":{"drawMode":0,"name":"Shaded","section":"Shading Mode"},"sceneLighting":false,"audioPlay":false,"sceneViewState":{"showFog":true,"showMaterialUpdate":false,"showSkybox":true,"showFlares":true,"showImageEffects":true,"showParticleSystems":true},"in2DMode":false,"pivot":{"x":-3.080141544342041,"y":9.011484146118164,"z":-16.368133544921876},"rotation":{"x":-0.08979452401399613,"y":0.09276662021875382,"z":-0.008400737307965756,"w":-0.9915950894355774},"size":80.79183959960938,"orthographic":false}