{"cameraMode":{"drawMode":0,"name":"Shaded","section":"Shading Mode"},"sceneLighting":true,"audioPlay":false,"sceneViewState":{"showFog":true,"showMaterialUpdate":false,"showSkybox":true,"showFlares":true,"showImageEffects":true,"showParticleSystems":true},"in2DMode":false,"pivot":{"x":65.4761962890625,"y":-17.711936950683595,"z":-152.46881103515626},"rotation":{"x":0.06293854117393494,"y":-0.08375640213489533,"z":0.005378370173275471,"w":0.994482159614563},"size":222.29490661621095,"orthographic":false}